{
    "mean_dic": {
        "1": 0,
        "2": 0.4615738250110041,
        "6": 698.2086174010857,
        "7": 1188.5251821783147,
        "8": 14.921543502714334,
        "9": 14.921543502714334,
        "10": 1289.7829119186188,
        "11": 983.5012862522619,
        "12": 11.231378686359857,
        "13": 11.231378686359857,
        "14": 4717.190287083679,
        "15": 282.5071550838754,
        "16": 3.6950163838215877,
        "17": 3.6950163838215877,
        "18": 4255.204929818556,
        "19": 683.0062307428963,
        "20": 9.071179146085,
        "21": 9.071179146085,
        "22": 4298.876588252555,
        "23": 229.34117474446128,
        "24": 2.613273340832396,
        "25": 2.613273340832396,
        "26": 4204.512759818066,
        "27": 262.6391646696337,
        "28": 2.6128038343033206,
        "29": 2.6128038343033206,
        "30": 4.898928938230547,
        "31": 262.4758644299897,
        "32": 2.6128038343033206,
        "33": 2.6128038343033206
    },
    "std_dic": {
        "1": 0,
        "2": 0.49852368048377427,
        "6": 3171.966482198397,
        "7": 987.6771603478232,
        "8": 4.011532493441927,
        "9": 4.011532493441927,
        "10": 4389.095781481221,
        "11": 2251.505249632522,
        "12": 7.318382038662098,
        "13": 7.318382038662098,
        "14": 11126.191147605732,
        "15": 620.2568140706719,
        "16": 6.7429637994133635,
        "17": 6.7429637994133635,
        "18": 11161.114301404854,
        "19": 878.3042219346762,
        "20": 7.928000380190897,
        "21": 7.928000380190897,
        "22": 11145.973177487125,
        "23": 584.6494307042701,
        "24": 5.914686643154297,
        "25": 5.914686643154297,
        "26": 11179.54087813134,
        "27": 698.7745992071694,
        "28": 5.914259007696478,
        "29": 5.914259007696478,
        "30": 13.051054876194716,
        "31": 698.8358386947338,
        "32": 5.914259007696478,
        "33": 5.914259007696478
    }
}