{
    "mean_dic": {
        "1": 0.496771589991929,
        "2": 0,
        "6": 583176.2380952381,
        "7": 764675.8559322034,
        "8": 583176.2380952381,
        "9": 764675.8559322034,
        "10": 583176.2380952381,
        "11": 0,
        "12": 583176.2380952381,
        "13": 764675.8559322034
    },
    "std_dic": {
        "1": 0.5000904935145717,
        "2": 0,
        "6": 2054893.0252564303,
        "7": 2317313.7481237263,
        "8": 2054893.0252564303,
        "9": 2317313.7481237263,
        "10": 2054893.0252564303,
        "11": 0,
        "12": 2054893.0252564303,
        "13": 2317313.7481237263
    }
}