{
    "mean_dic": {
        "1": 0.1857235103351761,
        "2": 0.6736792074644672,
        "6": 62.81642009952303,
        "7": 25.015252516281112,
        "8": 79.69299570077798,
        "9": 80.15011750246647,
        "10": 15.25082635799965,
        "11": 72.28877281336192,
        "12": 25.137368664888726,
        "13": 48.501153420534,
        "14": 48.88035152321124,
        "15": 9.820412062786405,
        "16": 43.62555000516099,
        "17": 11.366228422874453,
        "18": 33.95916339204056,
        "19": 61.4659122824284,
        "20": 12.631378319534695,
        "21": 12.950977826960514,
        "22": 5.006181181841968,
        "23": 11.861606339132042,
        "24": 11.929006426028657,
        "25": 7.287188510443197,
        "26": 3.6741833038476956,
        "27": 3.3666196976861977,
        "28": 4.598696070688716,
        "29": 4.650185915547053,
        "30": 5.900097698679987,
        "31": 5.070232628478565,
        "32": 1.9421297352053712,
        "33": 8.23736698456745,
        "34": 8.25328442798263,
        "35": 4.711544047221829,
        "36": 0.1492221312714991,
        "37": 0.9747111647747049,
        "38": 0.1492221312714991,
        "39": 0.1492221312714991,
        "40": 2.3875541003439857,
        "41": 9.505438239791449,
        "42": 0.9747111647747049,
        "43": 14.812696987664042,
        "44": 14.857506355215117,
        "45": 2.3875541003439857,
        "46": 0.07848300595073777,
        "47": 0.5235569040800601,
        "48": 0.07848300595073777,
        "49": 0.07848300595073777,
        "50": 1.2557280952118044,
        "51": 0.07848300595073777,
        "52": 0.5235569040800601,
        "53": 0.07848300595073777,
        "54": 0.07848300595073777,
        "55": 1.2557280952118044,
        "56": 0.07848300595073777,
        "57": 0.5235569040800601,
        "58": 0.07848300595073777,
        "59": 0.07848300595073777,
        "60": 1.2557280952118044,
        "61": 0.48363727144630053,
        "62": 0.5235569040800601,
        "63": 0.7739223739579008,
        "64": 0.742320331647411,
        "65": 1.2557280952118044,
        "66": 0.49629969250120626,
        "67": 0.07240264338541529,
        "68": 1.141456646510813,
        "69": 1.0959919536615401,
        "70": 0.041566347485639255,
        "71": 0.08526430253464462,
        "72": 0.004452851385184847,
        "73": 0.44013615403265105,
        "74": 0.426273503493868,
        "75": 0.003725512317955193
    },
    "std_dic": {
        "1": 0.38888385292645994,
        "2": 0.6096555236861626,
        "6": 72.11080612736515,
        "7": 84.95745929143472,
        "8": 105.562473671098,
        "9": 103.4013398051574,
        "10": 3.3801693082874484,
        "11": 141.1092286672886,
        "12": 84.95921683916639,
        "13": 86.75500378796576,
        "14": 85.47915982236061,
        "15": 7.655060658831592,
        "16": 86.21771918266926,
        "17": 16.67892689932096,
        "18": 74.74104570876689,
        "19": 251.76687592697672,
        "20": 6.421789468776042,
        "21": 42.60289306777183,
        "22": 11.836782323891567,
        "23": 42.472798765520245,
        "24": 43.11840774230902,
        "25": 7.8785684764163495,
        "26": 23.53217887872173,
        "27": 9.817421209515418,
        "28": 28.65707010188569,
        "29": 29.201563682229093,
        "30": 7.719491781820171,
        "31": 25.959573325731007,
        "32": 6.963633976763814,
        "33": 46.49356934795218,
        "34": 45.08422660978525,
        "35": 7.292885925194004,
        "36": 0.35630772032194163,
        "37": 5.03657618502747,
        "38": 0.35630772032194163,
        "39": 0.35630772032194163,
        "40": 5.700923525151066,
        "41": 36.191604647407,
        "42": 5.03657618502747,
        "43": 60.7553362949899,
        "44": 58.85223819092535,
        "45": 5.700923525151066,
        "46": 0.26893046933641024,
        "47": 3.7735227759437184,
        "48": 0.26893046933641024,
        "49": 0.26893046933641024,
        "50": 4.302887509382564,
        "51": 0.26893046933641024,
        "52": 3.7735227759437184,
        "53": 0.26893046933641024,
        "54": 0.26893046933641024,
        "55": 4.302887509382564,
        "56": 0.26893046933641024,
        "57": 3.7735227759437184,
        "58": 0.26893046933641024,
        "59": 0.26893046933641024,
        "60": 4.302887509382564,
        "61": 8.4352971241504,
        "62": 3.7735227759437184,
        "63": 15.369456610742242,
        "64": 13.756772050421045,
        "65": 4.302887509382564,
        "66": 9.129239536672982,
        "67": 1.6446176766891025,
        "68": 20.800062900233034,
        "69": 18.638071757373453,
        "70": 0.7061611079351934,
        "71": 3.5023588317737517,
        "72": 0.17959515684287036,
        "73": 14.035856618874995,
        "74": 12.59642784895562,
        "75": 0.08623898797228481
    }
}