{
    "mean_dic": {
        "1": 0.47575344735534,
        "2": 0.37279304821694864,
        "6": 1988.2559051494006,
        "7": 54.995378978956865,
        "8": 1782.9284754312646,
        "9": 2036.3523390467074,
        "10": 46.24281532485226,
        "11": 1723.8130419573981,
        "12": 1970.0748936796952,
        "13": 32.95885266122945,
        "14": 844.7954968057883,
        "15": 105.05918957232542,
        "16": 31.978588655485392,
        "17": 879.2368503415137,
        "18": 82.60732367398789,
        "19": 9.347312995931292,
        "20": 0.1096525949518567,
        "21": 38.78174420531325,
        "22": 18.694625991862583,
        "23": 63.326104166283116,
        "24": 19.390872102656626,
        "25": 9.347312995931292,
        "26": 63.21645157133126
    },
    "std_dic": {
        "1": 0.4994140572706961,
        "2": 0.4835499392905469,
        "6": 4517.477638480255,
        "7": 44.310412565406,
        "8": 1906.317538536908,
        "9": 4500.590692148945,
        "10": 39.8212016774772,
        "11": 1949.0091258796751,
        "12": 4527.542685438212,
        "13": 41.86155789587659,
        "14": 1629.5205979733876,
        "15": 148.23227178246086,
        "16": 49.476409822203664,
        "17": 1621.1439214451218,
        "18": 207.8614532855061,
        "19": 34.71562174904077,
        "20": 0.3124576804562575,
        "21": 96.40688575621483,
        "22": 47.282160037167955,
        "23": 201.54684616240849,
        "24": 70.87420682277195,
        "25": 34.71562174904078,
        "26": 201.5809946194033
    }
}